{"cameraMode":{"drawMode":0,"name":"Shaded","section":"Shading Mode"},"sceneLighting":true,"audioPlay":false,"sceneViewState":{"showFog":false,"showMaterialUpdate":false,"showSkybox":false,"showFlares":false,"showImageEffects":false,"showParticleSystems":true},"in2DMode":false,"pivot":{"x":14.096497535705567,"y":7.704323768615723,"z":3.480945587158203},"rotation":{"x":0.1600300371646881,"y":0.21459491550922395,"z":-0.03566689416766167,"w":0.9628393054008484},"size":25.811147689819337,"orthographic":false}