{"cameraMode":{"drawMode":0,"name":"Shaded","section":"Shading Mode"},"sceneLighting":false,"audioPlay":false,"sceneViewState":{"showFog":false,"showMaterialUpdate":false,"showSkybox":false,"showFlares":false,"showImageEffects":false,"showParticleSystems":true},"in2DMode":false,"pivot":{"x":0.0042620450258255009,"y":0.14776277542114259,"z":-0.09689911454916},"rotation":{"x":0.21512819826602937,"y":0.2951347827911377,"z":-0.0683845654129982,"w":0.9283986687660217},"size":1.6478385925292969,"orthographic":false}