{"cameraMode":{"drawMode":0,"name":"Shaded","section":"Shading Mode"},"sceneLighting":false,"audioPlay":false,"sceneViewState":{"showFog":false,"showMaterialUpdate":false,"showSkybox":false,"showFlares":false,"showImageEffects":false,"showParticleSystems":true},"in2DMode":false,"pivot":{"x":0.039990514516830447,"y":0.18040546774864198,"z":-0.3097200393676758},"rotation":{"x":0.03418641537427902,"y":0.019780872389674188,"z":-0.0006766446749679744,"w":0.9992262721061707},"size":3.1478383541107179,"orthographic":false}