{"cameraMode":{"drawMode":0,"name":"Shaded","section":"Shading Mode"},"sceneLighting":true,"audioPlay":false,"sceneViewState":{"showFog":false,"showMaterialUpdate":false,"showSkybox":false,"showFlares":false,"showImageEffects":false,"showParticleSystems":true},"in2DMode":false,"pivot":{"x":11.551920890808106,"y":13.039105415344239,"z":-0.46457141637802126},"rotation":{"x":-0.29584383964538576,"y":0.631780743598938,"z":-0.2841840982437134,"w":-0.6577003002166748},"size":24.595651626586915,"orthographic":false}