{"cameraMode":{"drawMode":0,"name":"Shaded","section":"Shading Mode"},"sceneLighting":false,"audioPlay":false,"sceneViewState":{"showFog":false,"showMaterialUpdate":false,"showSkybox":false,"showFlares":false,"showImageEffects":false,"showParticleSystems":true},"in2DMode":false,"pivot":{"x":0.4266606569290161,"y":2.1561083793640138,"z":-0.2700333595275879},"rotation":{"x":0.003473308403044939,"y":0.9860027432441711,"z":-0.165399432182312,"w":0.020712105557322503},"size":5.920830249786377,"orthographic":false}