{"cameraMode":{"drawMode":0,"name":"Shaded","section":"Shading Mode"},"sceneLighting":false,"audioPlay":false,"sceneViewState":{"showFog":false,"showMaterialUpdate":false,"showSkybox":false,"showFlares":false,"showImageEffects":false,"showParticleSystems":true},"in2DMode":false,"pivot":{"x":-0.015152305364608765,"y":0.006404280662536621,"z":-0.025567829608917238},"rotation":{"x":0.2526894509792328,"y":-0.506393551826477,"z":0.15814678370952607,"w":0.809136688709259},"size":1.6478385925292969,"orthographic":false}