{"cameraMode":{"drawMode":0,"name":"Shaded","section":"Shading Mode"},"sceneLighting":true,"audioPlay":false,"sceneViewState":{"showFog":false,"showMaterialUpdate":false,"showSkybox":false,"showFlares":false,"showImageEffects":false,"showParticleSystems":true},"in2DMode":false,"pivot":{"x":4.11194372177124,"y":0.7595887184143066,"z":12.362203598022461},"rotation":{"x":-0.03143612667918205,"y":0.9674403667449951,"z":-0.19983787834644319,"w":-0.15215229988098145},"size":16.763893127441408,"orthographic":false}