{"cameraMode":{"drawMode":0,"name":"Shaded","section":"Shading Mode"},"sceneLighting":false,"audioPlay":false,"sceneViewState":{"showFog":false,"showMaterialUpdate":false,"showSkybox":false,"showFlares":false,"showImageEffects":false,"showParticleSystems":true},"in2DMode":false,"pivot":{"x":0.37118789553642275,"y":0.07866838574409485,"z":0.0705685019493103},"rotation":{"x":0.18362851440906526,"y":-0.6626198291778565,"z":0.1725161075592041,"w":0.705299973487854},"size":1.0478386878967286,"orthographic":false}